200103210,2022-12-18 18:02:45,2022-12-18 21:53:53
210103947,2022-12-14 06:03:40,2022-12-14 08:37:22
220103093,2023-09-03 12:50:56,2023-09-04 14:46:10
200103210,2023-04-13 13:59:09,2023-04-13 17:06:41
210103246,2022-11-17 17:12:28,2022-11-17 19:37:42
200103420,2023-01-28 13:29:43,2023-01-28 16:41:01
230103323,2023-10-03 11:15:50,2023-10-04 12:37:56
230103323,2023-06-10 10:47:58,2023-06-10 11:46:28
210103672,2023-02-09 08:36:30,2023-02-09 09:06:02
220103047,2023-07-21 13:55:43,2023-07-21 15:43:15
210103021,2023-09-11 11:45:13,2023-09-11 13:05:57
230103323,2022-12-26 15:27:51,2022-12-27 19:19:35
210103246,2022-11-07 10:48:11,2022-11-07 14:38:37
210103986,2023-10-04 14:15:07,2023-10-04 17:44:51
220103089,2023-04-03 17:50:13,2023-04-04 20:59:51
210103672,2023-02-25 12:48:05,2023-02-25 14:05:01
200103127,2023-03-30 17:21:14,2023-03-30 18:41:34
200103127,2023-05-18 15:17:12,2023-05-18 18:52:12
210103947,2023-06-09 17:04:19,2023-06-09 19:15:41
210103246,2023-03-08 14:48:49,2023-03-08 18:34:21
220103074,2023-06-09 19:32:34,2023-06-09 20:40:24
210103246,2023-03-17 10:34:16,2023-03-17 11:54:12
210103672,2023-03-12 08:48:58,2023-03-12 12:33:20
210103672,2023-02-03 06:19:51,2023-02-03 09:26:03
210103672,2023-05-07 09:20:57,2023-05-07 09:47:47
220103050,2022-11-02 14:57:54,2022-11-02 15:45:36
220103014,2023-03-13 11:53:14,2023-03-13 19:15:54
210103947,2023-04-22 11:17:32,2023-04-22 15:15:56
220103198,2023-05-12 10:18:56,2023-05-12 10:44:32
200103138,2023-03-29 13:15:19,2023-03-30 20:21:51
210103235,2022-12-14 19:01:09,2022-12-14 19:34:25
220103288,2022-11-19 17:03:54,2022-11-19 20:47:22
220103004,2023-04-08 16:17:26,2023-04-08 19:46:48
210103672,2023-01-26 13:50:51,2023-01-27 20:27:29
220103014,2023-03-30 13:02:48,2023-03-30 15:00:42
220103089,2023-02-01 14:40:16,2023-02-01 16:03:22
210103947,2023-08-24 08:20:57,2023-08-25 14:21:23
220103468,2022-11-17 07:10:13,2022-11-17 08:42:35
230103323,2022-12-14 16:00:27,2022-12-14 18:05:47
200103420,2023-08-11 18:06:59,2023-08-11 21:36:17
210103986,2023-01-23 14:47:03,2023-01-23 16:57:15
210103537,2023-04-26 11:38:56,2023-04-26 14:52:08
220103004,2023-07-12 13:57:03,2023-07-12 16:35:33
220103811,2023-03-21 12:41:24,2023-03-21 16:23:44
220103461,2023-04-04 11:54:34,2023-04-04 12:58:08
220103461,2023-07-25 15:12:23,2023-07-25 15:55:25
