220103074,bachelor,8,2022,2026
220103089,bachelor,14,2022,2026
200103127,bachelor,9,2020,2024
220103093,bachelor,10,2022,2026
200103210,bachelor,13,2020,2024
220103468,bachelor,4,2022,2026
220103050,bachelor,5,2022,2026
220103288,bachelor,6,2022,2026
200103420,bachelor,7,2020,2024
220103322,bachelor,2,2022,2026
210103235,bachelor,5,2021,2025
220103004,bachelor,8,2022,2026
210103246,bachelor,3,2021,2025
220103198,bachelor,2,2022,2026
220103014,bachelor,13,2022,2026
210103021,bachelor,7,2021,2025
220103047,bachelor,1,2022,2026
210103095,bachelor,4,2021,2025
220103461,bachelor,11,2022,2026
210103489,bachelor,10,2021,2025
200103138,bachelor,6,2020,2024
230103323,bachelor,3,2023,2027
210103947,bachelor,10,2021,2025
200103091,bachelor,11,2020,2024
210103672,bachelor,14,2021,2025
220103811,bachelor,3,2022,2026
210103986,bachelor,3,2021,2025
210103537,bachelor,14,2021,2025
200103578,bachelor,6,2020,2024
220103215,bachelor,1,2022,2026
