220103074,+7-708-688-2572,coaster@gmail.com
220103089,+7-776-532-3737,allden@gmail.com
200103127,+7-705-718-3857,flips@gmail.com
220103093,+7-776-924-1334,cloonan@gmail.com
200103210,+7-747-253-3929,raddish@gmail.com
220103468,+7-701-221-5024,goodluck@gmail.com
220103050,+7-707-787-3273,corp@gmail.com
220103288,+7-708-363-1202,danilishin@gmail.com
200103420,+7-708-544-5018,okuddyhy@gmail.com
220103322,+7-777-436-2611,jenkin@gmail.com
210103235,+7-705-909-3062,keaysell@gmail.com
220103004,+7-702-448-3740,hansbury@gmail.com
210103246,+7-747-578-8930,ninnotti@gmail.com
220103198,+7-747-229-4280,birkin@gmail.com
220103014,+7-707-368-9658,jullian@gmail.com
210103021,+7-708-443-2888,cochrane@gmail.com
220103047,+7-776-579-9902,aves@gmail.com
210103095,+7-776-180-9183,mccay@gmail.com
220103461,+7-701-450-9716,furness@gmail.com
210103489,+7-702-656-4228,splain@gmail.com
200103138,+7-701-147-7000,cresser@gmail.com
230103323,+7-707-341-8782,gittens@gmail.com
210103947,+7-777-135-3570,ballsdon@gmail.com
200103091,+7-747-104-1513,duligal@gmail.com
210103672,+7-705-956-8229,goggins@gmail.com
220103811,+7-777-321-6971,sherwin@gmail.com
210103986,+7-708-817-7387,mines@gmail.com
210103537,+7-708-950-8517,fentem@gmail.com
200103578,+7-747-954-8242,kleinber@gmail.com
220103215,+7-708-853-4236,dax@gmail.com
